agents,steps,replicate,loop,seconds
1,1000,1,native,0.073572274
1,1000,1,julia,0.004671853
1,1000,2,julia,0.004768283
1,1000,2,native,0.004650343
1,1000,3,native,0.004652293
1,1000,3,julia,0.004638463
1,1000,4,julia,0.004643383
1,1000,4,native,0.004631493
1,1000,5,native,0.004806243
1,1000,5,julia,0.004640503
1,1000,6,julia,0.004644494
1,1000,6,native,0.004624163
1,1000,7,native,0.004632713
1,1000,7,julia,0.004714993
256,1000,1,native,0.006148728
256,1000,1,julia,0.006127248
256,1000,2,julia,0.006413347
256,1000,2,native,0.006141658
256,1000,3,native,0.006145938
256,1000,3,julia,0.006154378
256,1000,4,julia,0.006184577
256,1000,4,native,0.006141628
256,1000,5,native,0.006144828
256,1000,5,julia,0.006136398
256,1000,6,julia,0.006146538
256,1000,6,native,0.006129278
256,1000,7,native,0.006265487
256,1000,7,julia,0.006139688
4096,1000,1,native,0.009294467
4096,1000,1,julia,0.009389876
4096,1000,2,julia,0.009420296
4096,1000,2,native,0.009378356
4096,1000,3,native,0.009295836
4096,1000,3,julia,0.009398816
4096,1000,4,julia,0.009315337
4096,1000,4,native,0.009398566
4096,1000,5,native,0.009518076
4096,1000,5,julia,0.009389576
4096,1000,6,julia,0.009309586
4096,1000,6,native,0.009379076
4096,1000,7,native,0.009314217
4096,1000,7,julia,0.009391806
16384,1000,1,native,0.030175271
16384,1000,1,julia,0.030155011
16384,1000,2,julia,0.030156201
16384,1000,2,native,0.030142071
16384,1000,3,native,0.030176671
16384,1000,3,julia,0.030175301
16384,1000,4,julia,0.030226201
16384,1000,4,native,0.03017549
16384,1000,5,native,0.030147711
16384,1000,5,julia,0.030186521
16384,1000,6,julia,0.030175001
16384,1000,6,native,0.030132931
16384,1000,7,native,0.03017845
16384,1000,7,julia,0.030140431
