"environment","status"
"admiral","compiled"
"affine_lock","compiled"
"ants","compiled"
"asteroids","compiled"
"backgammon","compiled"
"bat","compiled"
"battle","compiled"
"benchmark","compiled"
"blastar","compiled"
"boids","compiled"
"boss_fight","compiled"
"boxoban","failed"
"breakout","compiled"
"cartpole","compiled"
"chain_mdp","compiled"
"chain_reaction","compiled"
"checkers","compiled"
"chess","failed"
"click","compiled"
"clifford","compiled"
"connect4","compiled"
"convert","compiled"
"convert_circle","compiled"
"craftax","compiled"
"craftax_classic","compiled"
"dino","compiled"
"docking","compiled"
"double_pendulum","compiled"
"drive","compiled"
"drmario","compiled"
"drone","failed"
"enduro","compiled"
"flappy","compiled"
"freeway","compiled"
"g2048","compiled"
"go","compiled"
"guerrillacheckers","compiled"
"hex","compiled"
"impulse_wars","failed"
"laser_puzzle","compiled"
"lightsout","compiled"
"matsci","failed"
"maze","compiled"
"mazing_contest","compiled"
"memory","compiled"
"minimal","compiled"
"moba","compiled"
"nethack","failed"
"nmmo3","compiled"
"onestateworld","compiled"
"onlyfish","compiled"
"osrs_colosseum","failed"
"osrs_inferno","failed"
"osrs_pvp","compiled"
"osrs_zulrah","failed"
"overcooked","compiled"
"pacman","compiled"
"pathfinder","compiled"
"pong","compiled"
"robocode","compiled"
"rware","compiled"
"scape","compiled"
"shared_pool","compiled"
"slimevolley","compiled"
"snake","compiled"
"soccer","compiled"
"space_invaders","compiled"
"squared","compiled"
"squared_continuous","compiled"
"tactical","compiled"
"target","compiled"
"template","compiled"
"terraform","compiled"
"tetris","compiled"
"tmaze","compiled"
"tower_climb","compiled"
"tower_defence","compiled"
"trash_pickup","compiled"
"tripletriad","compiled"
"tron","compiled"
"wef","compiled"
"whackamole","compiled"
"whisker_racer","compiled"
