environment,agents,steps,replicate,order,mode,wall_seconds,enqueue_seconds,device_seconds
breakout,4096,50752,1,1,graph_native,0.439599674,0.025029182,0.439517170
breakout,4096,50752,1,2,julia,0.466906410,0.457478747,0.466865957
breakout,4096,50752,1,3,native,0.471473638,0.461940716,0.471433759
breakout,4096,50752,1,4,graph_julia,0.435394454,0.027313205,0.435308039
breakout,4096,50752,2,1,graph_native,0.439559126,0.024968583,0.439483732
breakout,4096,50752,2,2,julia,0.466815272,0.457373589,0.466772854
breakout,4096,50752,2,3,native,0.471327719,0.461811367,0.471298695
breakout,4096,50752,2,4,graph_julia,0.435403345,0.025052472,0.435296357
breakout,4096,50752,3,1,graph_native,0.439509275,0.025042642,0.439419270
breakout,4096,50752,3,2,graph_julia,0.435409705,0.025015262,0.435239375
breakout,4096,50752,3,3,native,0.471677286,0.462151614,0.471637905
breakout,4096,50752,3,4,julia,0.466746532,0.457312509,0.466714650
breakout,4096,50752,4,1,graph_native,0.439531845,0.025055412,0.439447582
breakout,4096,50752,4,2,julia,0.466708622,0.457278859,0.466672152
breakout,4096,50752,4,3,native,0.471341109,0.461821806,0.471311390
breakout,4096,50752,4,4,graph_julia,0.435499053,0.025165141,0.435371637
breakout,4096,50752,5,1,julia,0.471481548,0.461958036,0.471450686
breakout,4096,50752,5,2,native,0.466680113,0.457261120,0.466649055
breakout,4096,50752,5,3,graph_julia,0.439462715,0.025174741,0.439391941
breakout,4096,50752,5,4,graph_native,0.435500364,0.025010902,0.435378194
breakout,4096,50752,6,1,graph_native,0.439507855,0.025139001,0.439435184
breakout,4096,50752,6,2,julia,0.466687372,0.457269279,0.466658384
breakout,4096,50752,6,3,native,0.471322729,0.461808976,0.471292347
breakout,4096,50752,6,4,graph_julia,0.435271285,0.025176121,0.435188562
breakout,4096,50752,7,1,julia,0.471402878,0.461874996,0.471370369
breakout,4096,50752,7,2,graph_native,0.435494784,0.025086872,0.435407996
breakout,4096,50752,7,3,graph_julia,0.439653904,0.023937819,0.439556509
breakout,4096,50752,7,4,native,0.466944850,0.457523787,0.466911584
breakout,4096,50752,8,1,julia,0.471328799,0.461808977,0.471300155
breakout,4096,50752,8,2,graph_julia,0.435440774,0.025032522,0.435355961
breakout,4096,50752,8,3,graph_native,0.439513776,0.025033492,0.439428627
breakout,4096,50752,8,4,native,0.467058780,0.457627277,0.467025489
breakout,4096,50752,9,1,graph_julia,0.439469316,0.025199421,0.439417183
breakout,4096,50752,9,2,native,0.467054829,0.457625916,0.467022806
breakout,4096,50752,9,3,julia,0.471782796,0.462249744,0.471744567
breakout,4096,50752,9,4,graph_native,0.435338825,0.025045682,0.435249418
breakout,4096,50752,10,1,julia,0.471483418,0.461956866,0.471440047
breakout,4096,50752,10,2,native,0.466689272,0.457253969,0.466646373
breakout,4096,50752,10,3,graph_julia,0.439667804,0.025024542,0.439582407
breakout,4096,50752,10,4,graph_native,0.435474184,0.025075681,0.435421646
breakout,4096,50752,11,1,graph_native,0.439820793,0.025140631,0.439744741
breakout,4096,50752,11,2,graph_julia,0.435545313,0.025040032,0.435468704
breakout,4096,50752,11,3,julia,0.471662407,0.462136144,0.471630037
breakout,4096,50752,11,4,native,0.467143089,0.457710876,0.467109233
breakout,4096,50752,12,1,graph_native,0.439907213,0.025151591,0.439824104
breakout,4096,50752,12,2,graph_julia,0.435599803,0.025052402,0.435527056
breakout,4096,50752,12,3,native,0.471677676,0.462149104,0.471644253
breakout,4096,50752,12,4,julia,0.466970570,0.457527128,0.466931403
breakout,4096,50752,13,1,graph_julia,0.439821763,0.025008982,0.439738631
breakout,4096,50752,13,2,native,0.467053429,0.457630956,0.467024535
breakout,4096,50752,13,3,graph_native,0.439747274,0.025049642,0.439662993
breakout,4096,50752,13,4,julia,0.466922870,0.457484607,0.466882259
breakout,4096,50752,14,1,julia,0.471727976,0.462190764,0.471690267
breakout,4096,50752,14,2,graph_native,0.435609543,0.025076572,0.435507745
breakout,4096,50752,14,3,native,0.472057484,0.462504602,0.472005159
breakout,4096,50752,14,4,graph_julia,0.435508224,0.024982092,0.435402870
breakout,4096,50752,15,1,native,0.471710126,0.462184744,0.471675485
breakout,4096,50752,15,2,julia,0.466994300,0.457546447,0.466953039
breakout,4096,50752,15,3,graph_julia,0.439703554,0.024990742,0.439618766
breakout,4096,50752,15,4,graph_native,0.435419804,0.025068152,0.435332775
breakout,4096,50752,16,1,native,0.471610147,0.462093725,0.471578181
breakout,4096,50752,16,2,julia,0.466978310,0.457543037,0.466942549
breakout,4096,50752,16,3,graph_julia,0.439712084,0.025059122,0.439626724
breakout,4096,50752,16,4,graph_native,0.435607363,0.025035272,0.435527116
breakout,4096,50752,17,1,graph_julia,0.439649784,0.024966262,0.439527720
breakout,4096,50752,17,2,julia,0.466886750,0.457446847,0.466852546
breakout,4096,50752,17,3,graph_native,0.439700543,0.025016012,0.439615369
breakout,4096,50752,17,4,native,0.467595075,0.458154952,0.467555881
breakout,4096,50752,18,1,julia,0.472085934,0.462546972,0.472043067
breakout,4096,50752,18,2,native,0.467069740,0.457627037,0.467034698
breakout,4096,50752,18,3,graph_julia,0.439638155,0.024962843,0.439549208
breakout,4096,50752,18,4,graph_native,0.435439125,0.025095652,0.435361445
breakout,4096,50752,19,1,native,0.471674187,0.462145475,0.471641988
breakout,4096,50752,19,2,julia,0.466973400,0.457533037,0.466941327
breakout,4096,50752,19,3,graph_julia,0.439716154,0.025064312,0.439628929
breakout,4096,50752,19,4,graph_native,0.435486683,0.025069301,0.435392857
breakout,4096,50752,20,1,graph_julia,0.439771653,0.025111421,0.439696431
breakout,4096,50752,20,2,julia,0.467007950,0.457569807,0.466978312
breakout,4096,50752,20,3,graph_native,0.439931832,0.022848908,0.439855486
breakout,4096,50752,20,4,native,0.467008329,0.457587056,0.466976225
breakout,4096,50752,21,1,graph_julia,0.439855512,0.025157351,0.439767957
breakout,4096,50752,21,2,julia,0.467126579,0.457704736,0.467093050
breakout,4096,50752,21,3,graph_native,0.439802343,0.025526929,0.439728975
breakout,4096,50752,21,4,native,0.466869791,0.457435298,0.466836125
breakout,4096,50752,22,1,julia,0.471785876,0.462272314,0.471756399
breakout,4096,50752,22,2,graph_native,0.435581353,0.025121111,0.435491025
breakout,4096,50752,22,3,graph_julia,0.439777023,0.024785454,0.439666897
breakout,4096,50752,22,4,native,0.466915951,0.457489288,0.466881990
breakout,4096,50752,23,1,graph_native,0.439740264,0.024841483,0.439665526
breakout,4096,50752,23,2,julia,0.466928380,0.457510407,0.466896743
breakout,4096,50752,23,3,graph_julia,0.439678454,0.025016932,0.439593524
breakout,4096,50752,23,4,native,0.467006730,0.457575127,0.466972858
breakout,4096,50752,24,1,native,0.471642257,0.462111315,0.471606731
breakout,4096,50752,24,2,julia,0.467061300,0.457631967,0.467027962
breakout,4096,50752,24,3,graph_native,0.439871282,0.024883673,0.439794749
breakout,4096,50752,24,4,graph_julia,0.435542024,0.025010852,0.435462594
admiral,4096,1024,1,1,graph_native,0.490591602,0.001470460,0.490427166
admiral,4096,1024,1,2,native,0.492514368,0.328845962,0.492467135
admiral,4096,1024,1,3,julia,0.492183340,0.328632033,0.492141247
admiral,4096,1024,1,4,graph_julia,0.490732871,0.001483109,0.490638018
admiral,4096,1024,2,1,julia,0.492219971,0.328653863,0.492168188
admiral,4096,1024,2,2,graph_native,0.490731561,0.001478709,0.490617156
admiral,4096,1024,2,3,graph_julia,0.490488213,0.001465150,0.490414888
admiral,4096,1024,2,4,native,0.492438839,0.328828503,0.492402524
admiral,4096,1024,3,1,julia,0.492189171,0.328640474,0.492157429
admiral,4096,1024,3,2,native,0.492483709,0.328858462,0.492450356
admiral,4096,1024,3,3,graph_native,0.490471983,0.001493309,0.490397066
admiral,4096,1024,3,4,graph_julia,0.490764601,0.001485500,0.490685999
admiral,4096,1024,4,1,graph_julia,0.490450243,0.001487920,0.490373313
admiral,4096,1024,4,2,julia,0.492478679,0.328829242,0.492442220
admiral,4096,1024,4,3,native,0.492183400,0.328658703,0.492148429
admiral,4096,1024,4,4,graph_native,0.490750791,0.001491349,0.490672708
admiral,4096,1024,5,1,native,0.492239820,0.328711253,0.492203802
admiral,4096,1024,5,2,julia,0.492488669,0.328856582,0.492453992
admiral,4096,1024,5,3,graph_native,0.490519093,0.001482720,0.490432501
admiral,4096,1024,5,4,graph_julia,0.490754771,0.001468809,0.490675151
admiral,4096,1024,6,1,graph_native,0.490458494,0.001512410,0.490355015
admiral,4096,1024,6,2,native,0.492475059,0.328849032,0.492441595
admiral,4096,1024,6,3,graph_julia,0.490470273,0.001472670,0.490392923
admiral,4096,1024,6,4,julia,0.492495769,0.328836362,0.492461711
admiral,4096,1024,7,1,julia,0.492206201,0.328663063,0.492173791
admiral,4096,1024,7,2,graph_julia,0.490713432,0.001486810,0.490628570
admiral,4096,1024,7,3,native,0.492212501,0.328686823,0.492168158
admiral,4096,1024,7,4,graph_native,0.490761911,0.001497589,0.490664750
admiral,4096,1024,8,1,julia,0.492210551,0.328644713,0.492146283
admiral,4096,1024,8,2,native,0.492473219,0.328843042,0.492430806
admiral,4096,1024,8,3,graph_julia,0.490505363,0.001490660,0.490428507
admiral,4096,1024,8,4,graph_native,0.490725061,0.001493669,0.490647018
admiral,4096,1024,9,1,graph_native,0.490467903,0.001494160,0.490389287
admiral,4096,1024,9,2,graph_julia,0.490735932,0.001461530,0.490657717
admiral,4096,1024,9,3,native,0.492240600,0.328686833,0.492203653
admiral,4096,1024,9,4,julia,0.492496199,0.328843393,0.492453367
admiral,4096,1024,10,1,graph_julia,0.490448063,0.001555629,0.490371019
admiral,4096,1024,10,2,graph_native,0.490760351,0.001479490,0.490682721
admiral,4096,1024,10,3,julia,0.492232110,0.328675133,0.492172986
admiral,4096,1024,10,4,native,0.492492869,0.328841052,0.492457032
admiral,4096,1024,11,1,graph_julia,0.490403783,0.001483929,0.490352809
admiral,4096,1024,11,2,graph_native,0.490767541,0.001486800,0.490681708
admiral,4096,1024,11,3,julia,0.492216860,0.328651833,0.492169738
admiral,4096,1024,11,4,native,0.492512748,0.328847222,0.492467225
admiral,4096,1024,12,1,graph_native,0.490511662,0.001500459,0.490435809
admiral,4096,1024,12,2,graph_julia,0.490722471,0.001488399,0.490645826
admiral,4096,1024,12,3,native,0.492240590,0.328689083,0.492197394
admiral,4096,1024,12,4,julia,0.492509399,0.328840253,0.492472202
admiral,4096,1024,13,1,native,0.492257030,0.328701083,0.492222011
admiral,4096,1024,13,2,julia,0.492540549,0.328869892,0.492501289
admiral,4096,1024,13,3,graph_native,0.490477483,0.001487419,0.490395844
admiral,4096,1024,13,4,graph_julia,0.490754521,0.001480169,0.490673959
admiral,4096,1024,14,1,graph_native,0.490540163,0.001492719,0.490458190
admiral,4096,1024,14,2,native,0.492445019,0.328820933,0.492409408
admiral,4096,1024,14,3,graph_julia,0.490499183,0.001506239,0.490424633
admiral,4096,1024,14,4,julia,0.492487419,0.328844722,0.492452592
admiral,4096,1024,15,1,native,0.492244960,0.328695403,0.492212415
admiral,4096,1024,15,2,julia,0.492544468,0.328891042,0.492508501
admiral,4096,1024,15,3,graph_julia,0.490488043,0.001491319,0.490412354
admiral,4096,1024,15,4,graph_native,0.490713931,0.001469109,0.490657449
admiral,4096,1024,16,1,graph_native,0.490486972,0.001487869,0.490413398
admiral,4096,1024,16,2,graph_julia,0.490736961,0.001487030,0.490658611
admiral,4096,1024,16,3,julia,0.492223420,0.328675953,0.492189616
admiral,4096,1024,16,4,native,0.492468349,0.328826292,0.492428929
admiral,4096,1024,17,1,graph_julia,0.490482673,0.001497679,0.490383863
admiral,4096,1024,17,2,graph_native,0.490789951,0.001480460,0.490690291
admiral,4096,1024,17,3,julia,0.492171431,0.328658023,0.492137879
admiral,4096,1024,17,4,native,0.492495749,0.328856692,0.492450595
admiral,4096,1024,18,1,graph_native,0.490504943,0.001496910,0.490424871
admiral,4096,1024,18,2,julia,0.492502818,0.328845312,0.492467463
admiral,4096,1024,18,3,native,0.492217201,0.328654864,0.492186517
admiral,4096,1024,18,4,graph_julia,0.490711411,0.001356140,0.490630299
admiral,4096,1024,19,1,graph_native,0.490477723,0.001517230,0.490393132
admiral,4096,1024,19,2,julia,0.492497158,0.328867992,0.492462873
admiral,4096,1024,19,3,native,0.492265590,0.328720633,0.492235243
admiral,4096,1024,19,4,graph_julia,0.490753571,0.001466780,0.490674406
admiral,4096,1024,20,1,native,0.492196791,0.328656603,0.492164075
admiral,4096,1024,20,2,julia,0.492497508,0.328840972,0.492451966
admiral,4096,1024,20,3,graph_julia,0.490528882,0.001470239,0.490455508
admiral,4096,1024,20,4,graph_native,0.490793261,0.001484560,0.490774542
admiral,4096,1024,21,1,graph_julia,0.490516703,0.001339791,0.490440309
admiral,4096,1024,21,2,julia,0.492539128,0.328893602,0.492505759
admiral,4096,1024,21,3,native,0.492172711,0.328630914,0.492138803
admiral,4096,1024,21,4,graph_native,0.490741541,0.001550359,0.490652531
admiral,4096,1024,22,1,graph_julia,0.490502413,0.001539069,0.490415990
admiral,4096,1024,22,2,julia,0.492456859,0.328817822,0.492416710
admiral,4096,1024,22,3,native,0.492221671,0.328688124,0.492188960
admiral,4096,1024,22,4,graph_native,0.490746321,0.001556599,0.490659267
admiral,4096,1024,23,1,graph_julia,0.490562043,0.001532429,0.490465403
admiral,4096,1024,23,2,julia,0.492503209,0.328839013,0.492449284
admiral,4096,1024,23,3,graph_native,0.490459203,0.001550709,0.490376055
admiral,4096,1024,23,4,native,0.492493078,0.328847692,0.492448986
admiral,4096,1024,24,1,native,0.492214497,0.328660197,0.492182732
admiral,4096,1024,24,2,graph_native,0.490777648,0.001551288,0.490693182
admiral,4096,1024,24,3,graph_julia,0.490512451,0.001541338,0.490424424
admiral,4096,1024,24,4,julia,0.492546045,0.328888776,0.492505401
robot_arm,4096,64,1,1,julia,0.490581870,0.000678844,0.490490377
robot_arm,4096,64,1,2,native,0.490366342,0.000678315,0.490282118
robot_arm,4096,64,1,3,graph_native,0.490305352,0.000170508,0.490217239
robot_arm,4096,64,1,4,graph_julia,0.490232882,0.000160089,0.490158111
robot_arm,4096,64,2,1,native,0.490269512,0.000725554,0.490185022
robot_arm,4096,64,2,2,julia,0.490217362,0.000686924,0.490142703
robot_arm,4096,64,2,3,graph_julia,0.490222832,0.000166448,0.490136832
robot_arm,4096,64,2,4,graph_native,0.490503551,0.000182819,0.490421355
robot_arm,4096,64,3,1,native,0.490325542,0.000670285,0.490245521
robot_arm,4096,64,3,2,graph_julia,0.490106224,0.000165479,0.490004063
robot_arm,4096,64,3,3,graph_native,0.490129043,0.000185389,0.490045607
robot_arm,4096,64,3,4,julia,0.489714047,0.000686515,0.489623874
robot_arm,4096,64,4,1,graph_native,0.489922685,0.000173459,0.489823520
robot_arm,4096,64,4,2,julia,0.490236993,0.000663095,0.490109146
robot_arm,4096,64,4,3,graph_julia,0.490662999,0.000167009,0.490574151
robot_arm,4096,64,4,4,native,0.490152793,0.000632375,0.490026295
robot_arm,4096,64,5,1,graph_native,0.490193733,0.000172489,0.490123957
robot_arm,4096,64,5,2,julia,0.490370121,0.000678965,0.490280539
robot_arm,4096,64,5,3,native,0.490142763,0.000675684,0.490066558
robot_arm,4096,64,5,4,graph_julia,0.490144513,0.000165089,0.490039945
robot_arm,4096,64,6,1,native,0.490068333,0.000660694,0.489998877
robot_arm,4096,64,6,2,graph_julia,0.490380482,0.000170839,0.490302950
robot_arm,4096,64,6,3,julia,0.490477710,0.000685634,0.490382046
robot_arm,4096,64,6,4,graph_native,0.490064034,0.000176749,0.489967316
robot_arm,4096,64,7,1,graph_native,0.490220382,0.000168498,0.490151376
robot_arm,4096,64,7,2,graph_julia,0.490002264,0.000159189,0.489912540
robot_arm,4096,64,7,3,native,0.490476781,0.000666475,0.490400106
robot_arm,4096,64,7,4,julia,0.490359651,0.000699865,0.490259826
robot_arm,4096,64,8,1,native,0.490262002,0.000680834,0.490185916
robot_arm,4096,64,8,2,graph_native,0.490293842,0.000175369,0.490201443
robot_arm,4096,64,8,3,julia,0.490225262,0.000685434,0.490154564
robot_arm,4096,64,8,4,graph_julia,0.489658337,0.000167378,0.489564598
robot_arm,4096,64,9,1,native,0.490272962,0.000659404,0.490203649
robot_arm,4096,64,9,2,julia,0.490385621,0.000682484,0.490294665
robot_arm,4096,64,9,3,graph_julia,0.490289493,0.000167869,0.490211725
robot_arm,4096,64,9,4,graph_native,0.490122014,0.000167019,0.490011752
robot_arm,4096,64,10,1,julia,0.490079334,0.000661235,0.490003377
robot_arm,4096,64,10,2,graph_julia,0.490100084,0.000168719,0.489995629
robot_arm,4096,64,10,3,graph_native,0.490382932,0.000164569,0.490313262
robot_arm,4096,64,10,4,native,0.490089123,0.000668085,0.489964008
robot_arm,4096,64,11,1,graph_native,0.490318322,0.000174089,0.490240663
robot_arm,4096,64,11,2,native,0.490091474,0.000672375,0.489999592
robot_arm,4096,64,11,3,julia,0.490056604,0.000693825,0.489980310
robot_arm,4096,64,11,4,graph_julia,0.490172283,0.000168869,0.490078539
robot_arm,4096,64,12,1,native,0.490078453,0.000653694,0.489981174
robot_arm,4096,64,12,2,graph_julia,0.490352211,0.000147138,0.490258008
robot_arm,4096,64,12,3,graph_native,0.490332522,0.000163389,0.490248144
robot_arm,4096,64,12,4,julia,0.490250073,0.000678185,0.490186840
robot_arm,4096,64,13,1,native,0.490122024,0.000645965,0.490044802
robot_arm,4096,64,13,2,julia,0.490640190,0.000684245,0.490494877
robot_arm,4096,64,13,3,graph_native,0.490033404,0.000177569,0.489931464
robot_arm,4096,64,13,4,graph_julia,0.490018414,0.000125589,0.489948541
robot_arm,4096,64,14,1,julia,0.490342181,0.000710414,0.490244120
robot_arm,4096,64,14,2,graph_julia,0.490244542,0.000144489,0.490164101
robot_arm,4096,64,14,3,graph_native,0.490431091,0.000148099,0.490352452
robot_arm,4096,64,14,4,native,0.489975704,0.000650364,0.489910215
robot_arm,4096,64,15,1,julia,0.490146504,0.000668005,0.490061134
robot_arm,4096,64,15,2,graph_native,0.490108034,0.000147879,0.490028709
robot_arm,4096,64,15,3,graph_julia,0.490033824,0.000137979,0.489995390
robot_arm,4096,64,15,4,native,0.490125354,0.000770254,0.490013897
robot_arm,4096,64,16,1,native,0.490103434,0.000657805,0.490001380
robot_arm,4096,64,16,2,graph_native,0.490158724,0.000139569,0.490102381
robot_arm,4096,64,16,3,julia,0.490343842,0.000759154,0.490280122
robot_arm,4096,64,16,4,graph_julia,0.490030704,0.000139099,0.489955962
robot_arm,4096,64,17,1,graph_julia,0.489840096,0.000129049,0.489723504
robot_arm,4096,64,17,2,native,0.490121163,0.000676144,0.490040004
robot_arm,4096,64,17,3,graph_native,0.490017664,0.000166338,0.489920467
robot_arm,4096,64,17,4,julia,0.490522160,0.000671914,0.490410119
robot_arm,4096,64,18,1,julia,0.490095914,0.000696155,0.490006447
robot_arm,4096,64,18,2,graph_julia,0.490097823,0.000160878,0.489989758
robot_arm,4096,64,18,3,native,0.490403191,0.000649514,0.490309417
robot_arm,4096,64,18,4,graph_native,0.490460611,0.000157969,0.490368992
robot_arm,4096,64,19,1,native,0.490065923,0.000640634,0.489986956
robot_arm,4096,64,19,2,graph_julia,0.490007645,0.000152089,0.489919215
robot_arm,4096,64,19,3,graph_native,0.490066453,0.000162528,0.489991367
robot_arm,4096,64,19,4,julia,0.489967715,0.000674265,0.489891738
robot_arm,4096,64,20,1,julia,0.490138414,0.000669735,0.490039736
robot_arm,4096,64,20,2,graph_julia,0.490169103,0.000149189,0.490093350
robot_arm,4096,64,20,3,native,0.489674547,0.000658825,0.489585578
robot_arm,4096,64,20,4,graph_native,0.489715417,0.000165509,0.489625514
robot_arm,4096,64,21,1,native,0.490379661,0.000665615,0.490288556
robot_arm,4096,64,21,2,graph_julia,0.490156734,0.000164739,0.490081400
robot_arm,4096,64,21,3,graph_native,0.490175273,0.000165249,0.490101546
robot_arm,4096,64,21,4,julia,0.490213502,0.000664975,0.490119100
robot_arm,4096,64,22,1,graph_native,0.489971554,0.000186278,0.489900827
robot_arm,4096,64,22,2,native,0.490175923,0.000651735,0.489952862
robot_arm,4096,64,22,3,graph_julia,0.490160413,0.000163949,0.490083516
robot_arm,4096,64,22,4,julia,0.490276903,0.000670795,0.490180522
robot_arm,4096,64,23,1,julia,0.490272382,0.000689725,0.490194499
robot_arm,4096,64,23,2,native,0.490402041,0.000675515,0.490315586
robot_arm,4096,64,23,3,graph_julia,0.490221752,0.000151268,0.490143120
robot_arm,4096,64,23,4,graph_native,0.490145923,0.000161309,0.490049511
robot_arm,4096,64,24,1,graph_julia,0.490572190,0.000157059,0.490494728
robot_arm,4096,64,24,2,graph_native,0.489931955,0.000192739,0.489838004
robot_arm,4096,64,24,3,native,0.490229813,0.000675605,0.490148962
robot_arm,4096,64,24,4,julia,0.490107143,0.000716894,0.490014374
